id,type,sub_type,start_date,end_date,listing_type,tom,size,heating_type,price,price_currency,building_age_num,room_total,floor_no_num,total_floor_count_num,city,district,neighborhood,price_try,predicted_price_try,difference_price,mae,rmse_skl,r2_skl,fio,group
49,Konut,Kooperatif,11/10/18,12/10/18,1,30,1.0,Fancoil,300000.0,TRY,0.0,1.0,,10.0,İzmir,Aliağa,Yenişakran,300000.0,1477975.2211051544,1177975.0,392724.677272103,593836.0390775409,0.09463062707961822,Тухватуллин Р. Р.,23p-4
506,Konut,Çiftlik Evi,10/25/18,2/23/19,1,121,250.0,Yok,1600000.0,TRY,2.0,4.0,,2.0,İzmir,Foça,Yeniköy,1600000.0,1209743.2491956968,-390257.0,392724.677272103,593836.0390775409,0.09463062707961822,Тухватуллин Р. Р.,23p-4
2,Konut,Daire,2/13/19,,1,14,43.0,Fancoil,490000.0,TRY,0.0,1.0,20.0,20.0,İstanbul,Kartal,Kordonboyu,490000.0,363508.4973807612,-126492.0,392724.677272103,593836.0390775409,0.09463062707961822,Тухватуллин Р. Р.,23p-4
528,Konut,Prefabrik Ev,11/16/18,1/21/19,1,66,122.0,Yok,103600.0,TRY,,4.0,,1.0,Tekirdağ,Çerkezköy,Kızılpınar,103600.0,408720.87602957385,305120.0,392724.677272103,593836.0390775409,0.09463062707961822,Тухватуллин Р. Р.,23p-4
109,Konut,Kooperatif,11/10/18,1/9/19,1,60,1.0,Fancoil,300000.0,TRY,0.0,1.0,,10.0,İzmir,Aliağa,Yenişakran,300000.0,1490975.9218694516,1190975.0,392724.677272103,593836.0390775409,0.09463062707961822,Тухватуллин Р. Р.,23p-4
100,Konut,Yazlık,1/12/19,,1,46,150.0,Fancoil,500000.0,TRY,1.0,4.0,9.0,10.0,Mersin,Erdemli,Kargıpınarı,500000.0,620670.1726099647,120670.0,392724.677272103,593836.0390775409,0.09463062707961822,Тухватуллин Р. Р.,23p-4
320,Konut,Yazlık,2/12/19,2/12/19,1,0,134.0,Fancoil,1000000.0,TRY,0.0,5.0,,2.0,Balıkesir,Burhaniye,Pelitköy,1000000.0,907964.9643548813,-92036.0,392724.677272103,593836.0390775409,0.09463062707961822,Тухватуллин Р. Р.,23p-4
3,Konut,Daire,10/9/18,11/8/18,1,30,,Fancoil,155000.0,TRY,0.0,3.0,0.5,1.0,Tekirdağ,Çorlu,Reşadiye,155000.0,571663.8883035763,416663.0,392724.677272103,593836.0390775409,0.09463062707961822,Тухватуллин Р. Р.,23p-4
7810,Konut,Loft,12/30/18,1/29/19,1,30,145.0,Kalorifer (Doğalgaz),650000.0,TRY,,5.0,,4.0,İzmir,Konak,Akın Simav,650000.0,678535.0913796395,28535.0,392724.677272103,593836.0390775409,0.09463062707961822,Тухватуллин Р. Р.,23p-4
11,Konut,Müstakil Ev,11/13/18,11/26/18,1,13,125.0,Fancoil,2450000.0,TRY,0.0,4.0,,1.0,Muğla,Bodrum,Ortakentyahşi,2450000.0,2438300.9903549417,-11700.0,392724.677272103,593836.0390775409,0.09463062707961822,Тухватуллин Р. Р.,23p-4
1,Konut,Rezidans,12/10/18,1/9/19,2,30,90.0,Fancoil,3500.0,TRY,0.0,3.0,2.0,20.0,İstanbul,Kartal,Kordonboyu,3500.0,416681.12937079096,413181.0,392724.677272103,593836.0390775409,0.09463062707961822,Тухватуллин Р. Р.,23p-4
758,Konut,Çiftlik Evi,2/17/19,,2,10,120.0,Yok,19000.0,TRY,2.0,1.0,,1.0,Malatya,Akçadağ,Aksüt,19000.0,137022.25692851367,118022.0,392724.677272103,593836.0390775409,0.09463062707961822,Тухватуллин Р. Р.,23p-4
496,Konut,Komple Bina,11/21/18,,2,98,905.0,Yok,12500.0,TRY,0.0,,,4.0,Kocaeli,İzmit,Alikahya Fatih,12500.0,1763396.1722396137,1750896.0,392724.677272103,593836.0390775409,0.09463062707961822,Тухватуллин Р. Р.,23p-4
7,Konut,Daire,1/4/19,,2,54,160.0,Fancoil,3750.0,TRY,0.0,4.0,14.0,20.0,İstanbul,Kartal,Kordonboyu,3750.0,153647.96145024875,149897.0,392724.677272103,593836.0390775409,0.09463062707961822,Тухватуллин Р. Р.,23p-4
1942,Konut,Yalı Dairesi,11/27/18,,2,92,,Yok,750.0,TRY,,4.0,1.0,2.0,Muğla,Marmaris,Siteler,750.0,469826.0001969547,469076.0,392724.677272103,593836.0390775409,0.09463062707961822,Тухватуллин Р. Р.,23p-4
58,Konut,Villa,10/2/18,11/1/18,2,30,200.0,Fancoil,3600.0,TRY,,5.0,,2.0,İzmir,Urla,Çamlıçay,3600.0,352902.9043611354,349302.0,392724.677272103,593836.0390775409,0.09463062707961822,Тухватуллин Р. Р.,23p-4
91731,Konut,Loft,9/10/18,2/9/19,2,152,,Kombi (Doğalgaz),16000.0,TRY,,3.0,,9.0,Adana,Seyhan,Gürselpaşa,16000.0,115554.92991103644,99554.0,392724.677272103,593836.0390775409,0.09463062707961822,Тухватуллин Р. Р.,23p-4
680,Konut,Yazlık,11/15/18,,2,104,85.0,Yok,1200.0,TRY,,3.0,,2.0,Aydın,Kuşadası,Kadınlar Denizi,1200.0,153203.35925290358,152003.0,392724.677272103,593836.0390775409,0.09463062707961822,Тухватуллин Р. Р.,23p-4
16,Konut,Villa,10/2/18,1/4/19,2,94,200.0,Fancoil,3600.0,TRY,,5.0,,2.0,İzmir,Urla,Çamlıçay,3600.0,346802.6280990076,343202.0,392724.677272103,593836.0390775409,0.09463062707961822,Тухватуллин Р. Р.,23p-4
18,Konut,Daire,12/10/18,1/9/19,2,30,84.0,Fancoil,4200.0,TRY,0.0,3.0,20.0,20.0,İstanbul,Kartal,Kordonboyu,4200.0,153132.73362077677,148932.0,392724.677272103,593836.0390775409,0.09463062707961822,Тухватуллин Р. Р.,23p-4
